﻿<?xml version="1.0" encoding="utf-8"?>
<deployment>
  <id>3235e238-e5c2-4baf-938d-e2f7464d7fc8</id>
  <author>N/A</author>
  <deployer>Push-Deployer</deployer>
  <authorEmail>N/A</authorEmail>
  <message>Created via a push deployment</message>
  <progress></progress>
  <status>Success</status>
  <statusText></statusText>
  <lastSuccessEndTime>2026-02-19T20:53:52.9841955Z</lastSuccessEndTime>
  <receivedTime>2026-02-19T20:47:17.4367748Z</receivedTime>
  <startTime>2026-02-19T20:47:20.3162722Z</startTime>
  <endTime>2026-02-19T20:53:52.9841955Z</endTime>
  <complete>True</complete>
  <is_temp>False</is_temp>
  <is_readonly>True</is_readonly>
  <containerId>f7bdd22d43f9</containerId>
  <buildSummary />
</deployment>