<step title="Incoming Request" date="2026-02-19T22:02:02.903" instance="0616be" url="/api/zipdeploy?isAsync=true" method="POST" type="request" pid="837,1,44" Accept="*/*" Host="lifeos-api-monsan-chbwhhg9dughb0g7.scm.francecentral-01.azurewebsites.net" User-Agent="AZURECLI/2.83.0 (HOMEBREW)" Accept-Encoding="gzip, deflate" Authorization="Bea..." Cache-Control="no-cache" Content-Type="application/octet-stream" Content-Length="80878" x-ms-client-request-id="9d91e3cc-0dde-11f1-aebc-5279b83a7547" x-ms-artifact-checksum="6c5aff3845f533d5209f08d2d076d87dab439e62f174afacf2a063670485398f" X-ARR-LOG-ID="9d91e3cc-0dde-11f1-aebc-5279b83a7547" CLIENT-IP="46.193.67.70:62541" X-SITE-DEPLOYMENT-ID="lifeos-api-monsan" WAS-DEFAULT-HOSTNAME="lifeos-api-monsan-chbwhhg9dughb0g7.scm.francecentral-01.azurewebsites.net" X-Forwarded-Proto="https" X-AppService-Proto="https" X-Forwarded-TlsVersion="1.3" X-WAWS-Unencoded-URL="/api/zipdeploy?isAsync=true" X-Client-IP="46.193.67.70" X-Client-Port="62541" >
  <step title="Cleanup Xml Logs" date="2026-02-19T22:02:02.923" /><!-- duration: 126ms -->
  <step title="ZipPushDeploy" date="2026-02-19T22:02:03.227" >
    <step title="ZipDeploy. Extract zip." date="2026-02-19T22:02:03.293" /><!-- duration: 26ms -->
    <step title="Starting PushDeployAsync" date="2026-02-19T22:02:03.399" /><!-- duration: 29ms -->
    <step title="Writing artifact to /tmp/zipdeploy/96dbb69a-e94c-46b6-869f-cbaf04ae658b.zip" date="2026-02-19T22:02:03.513" >
      <step title="Writing multipart request body to /tmp/zipdeploy/96dbb69a-e94c-46b6-869f-cbaf04ae658b.zip" date="2026-02-19T22:02:03.540" /><!-- duration: 67ms -->
    </step><!-- duration: 409ms -->
    <step title="Start deployment in the background" date="2026-02-19T22:02:04.132" >
      <step title="Acquiring Deployment Lock" date="2026-02-19T22:02:04.547" /><!-- duration: 66ms -->
      <step title="Acquired Deployment Lock" date="2026-02-19T22:02:04.957" /><!-- duration: 20ms -->
    </step><!-- duration: 1369ms -->
  </step><!-- duration: 2361ms -->
  <step title="Outgoing response" date="2026-02-19T22:02:05.715" type="response" statusCode="202" statusText="Accepted" /><!-- duration: 56ms -->
</step><!-- duration: 2889ms -->
