<step title="Incoming Request" date="2026-02-19T19:54:44.474" instance="9e89c1" url="/api/zipdeploy?isAsync=true" method="POST" type="request" pid="831,1,14" Accept="*/*" Host="lifeos-api-monsan-chbwhhg9dughb0g7.scm.francecentral-01.azurewebsites.net" User-Agent="AZURECLI/2.83.0 (HOMEBREW)" Accept-Encoding="gzip, deflate" Authorization="Bea..." Cache-Control="no-cache" Content-Type="application/octet-stream" Content-Length="57979616" x-ms-client-request-id="ce1fa6bc-0dcc-11f1-89d7-5279b83a7547" x-ms-artifact-checksum="b118cfd24b6680edd7190682943e01f4ff5ec8957430726d0fffcdb270622b0e" X-ARR-LOG-ID="ce1fa6bc-0dcc-11f1-89d7-5279b83a7547" CLIENT-IP="46.193.67.70:60728" X-SITE-DEPLOYMENT-ID="lifeos-api-monsan" WAS-DEFAULT-HOSTNAME="lifeos-api-monsan-chbwhhg9dughb0g7.scm.francecentral-01.azurewebsites.net" X-Forwarded-Proto="https" X-AppService-Proto="https" X-Forwarded-TlsVersion="1.3" X-WAWS-Unencoded-URL="/api/zipdeploy?isAsync=true" X-Client-IP="46.193.67.70" X-Client-Port="60728" >
  <step title="ZipPushDeploy" date="2026-02-19T19:54:44.693" >
    <step title="ZipDeploy. Extract zip." date="2026-02-19T19:54:44.699" /><!-- duration: 4ms -->
    <step title="None repository commit" date="2026-02-19T19:54:44.707" >
      <step title="Commit id: a7554bd2-acba-4470-8662-9e7a2a905272" date="2026-02-19T19:54:44.710" Message="N/A" AuthorName="N/A" AuthorEmail="N/A" /><!-- duration: 2ms -->
    </step><!-- duration: 7ms -->
    <step title="Starting PushDeployAsync" date="2026-02-19T19:54:44.717" /><!-- duration: 2ms -->
    <step title="Writing artifact to /tmp/zipdeploy/73e9b83c-8131-4b68-9083-8aa35774a6cf.zip" date="2026-02-19T19:54:44.729" >
      <step title="Writing multipart request body to /tmp/zipdeploy/73e9b83c-8131-4b68-9083-8aa35774a6cf.zip" date="2026-02-19T19:54:44.733" /><!-- duration: 2ms -->
    </step><!-- duration: 13407ms -->
    <step title="Start deployment in the background" date="2026-02-19T19:54:58.157" >
      <step title="Acquiring Deployment Lock" date="2026-02-19T19:54:58.183" /><!-- duration: 2ms -->
      <step title="Acquired Deployment Lock" date="2026-02-19T19:54:58.226" /><!-- duration: 2ms -->
    </step><!-- duration: 202ms -->
  </step><!-- duration: 13671ms -->
  <step title="Outgoing response" date="2026-02-19T19:54:58.394" type="response" statusCode="202" statusText="Accepted" /><!-- duration: 3ms -->
</step><!-- duration: 13925ms -->
