<step title="Incoming Request" date="2026-02-19T20:45:18.683" instance="0616be" url="/api/zipdeploy?isAsync=true" method="POST" type="request" pid="837,1,5" Accept="*/*" Host="lifeos-api-monsan-chbwhhg9dughb0g7.scm.francecentral-01.azurewebsites.net" User-Agent="AZURECLI/2.83.0 (HOMEBREW)" Accept-Encoding="gzip, deflate" Authorization="Bea..." Cache-Control="no-cache" Content-Type="application/octet-stream" Content-Length="57979613" x-ms-client-request-id="988219fc-0dd3-11f1-b672-5279b83a7547" x-ms-artifact-checksum="1f814016adee6fb67c7b19093e6763e1f720e32c339b44a311bacac5781a81be" X-ARR-LOG-ID="988219fc-0dd3-11f1-b672-5279b83a7547" CLIENT-IP="46.193.67.70:61477" X-SITE-DEPLOYMENT-ID="lifeos-api-monsan" WAS-DEFAULT-HOSTNAME="lifeos-api-monsan-chbwhhg9dughb0g7.scm.francecentral-01.azurewebsites.net" X-Forwarded-Proto="https" X-AppService-Proto="https" X-Forwarded-TlsVersion="1.3" X-WAWS-Unencoded-URL="/api/zipdeploy?isAsync=true" X-Client-IP="46.193.67.70" X-Client-Port="61477" >
  <step title="ZipPushDeploy" date="2026-02-19T20:45:23.919" >
    <step title="ZipDeploy. Extract zip." date="2026-02-19T20:45:24.039" /><!-- duration: 35ms -->
    <step title="None repository commit" date="2026-02-19T20:45:24.150" >
      <step title="Commit id: 34a0e708-90f5-4ff9-8d27-c1603fcb93c8" date="2026-02-19T20:45:24.186" Message="N/A" AuthorName="N/A" AuthorEmail="N/A" /><!-- duration: 37ms -->
    </step><!-- duration: 134ms -->
    <step title="Starting PushDeployAsync" date="2026-02-19T20:45:24.331" /><!-- duration: 29ms -->
    <step title="Writing artifact to /tmp/zipdeploy/6c31a5af-3dc3-4caf-9dad-e0d93a826caf.zip" date="2026-02-19T20:45:24.467" >
      <step title="Writing multipart request body to /tmp/zipdeploy/6c31a5af-3dc3-4caf-9dad-e0d93a826caf.zip" date="2026-02-19T20:45:24.509" /><!-- duration: 37ms -->
      <step title="Error occurred" date="2026-02-19T20:45:26.997" type="error" text="Exception in copying zip file to temp path. Exception: Microsoft.AspNetCore.Server.Kestrel.Core.BadHttpRequestException: Unexpected end of request content.
   at Microsoft.AspNetCore.Server.Kestrel.Core.Internal.Http.Http1ContentLengthMessageBody.ReadAsyncInternal(CancellationToken cancellationToken)
   at System.Runtime.CompilerServices.PoolingAsyncValueTaskMethodBuilder`1.StateMachineBox`1.System.Threading.Tasks.Sources.IValueTaskSource&lt;TResult&gt;.GetResult(Int16 token)
   at System.IO.Pipelines.PipeReader.CopyToAsyncCore[TStream](TStream destination, Func`4 writeAsync, CancellationToken cancellationToken)
   at Kudu.Services.Deployment.PushDeploymentController.CopyZipFromRequestBody(String artifactTempPath, ITracer tracer) in /tmp/KuduLite/Kudu.Services/Deployment/PushDeploymentController.cs:line 1496: Unexpected end of request content." stackTrace="   at Microsoft.AspNetCore.Server.Kestrel.Core.Internal.Http.Http1ContentLengthMessageBody.ReadAsyncInternal(CancellationToken cancellationToken)
   at System.Runtime.CompilerServices.PoolingAsyncValueTaskMethodBuilder`1.StateMachineBox`1.System.Threading.Tasks.Sources.IValueTaskSource&lt;TResult&gt;.GetResult(Int16 token)
   at System.IO.Pipelines.PipeReader.CopyToAsyncCore[TStream](TStream destination, Func`4 writeAsync, CancellationToken cancellationToken)
   at Kudu.Services.Deployment.PushDeploymentController.CopyZipFromRequestBody(String artifactTempPath, ITracer tracer) in /tmp/KuduLite/Kudu.Services/Deployment/PushDeploymentController.cs:line 1496" /><!-- duration: 137ms -->
    </step><!-- duration: 3848ms -->
    <step title="Error occurred" date="2026-02-19T20:45:28.422" type="error" text="Request was Aborted. Deployment was cancelled" /><!-- duration: 30ms -->
  </step><!-- duration: 4734ms -->
  <step title="Outgoing response" date="2026-02-19T20:45:29.694" type="response" statusCode="499" statusText="499" /><!-- duration: 65ms -->
</step><!-- duration: 11200ms -->
