﻿<?xml version="1.0" encoding="utf-8"?>
<deployment>
  <id>acce0620-9292-4c9f-8354-dec44305ff47</id>
  <author>N/A</author>
  <deployer>Push-Deployer</deployer>
  <authorEmail>N/A</authorEmail>
  <message>Created via a push deployment</message>
  <progress></progress>
  <status>Success</status>
  <statusText></statusText>
  <lastSuccessEndTime>2026-02-19T22:02:36.4480104Z</lastSuccessEndTime>
  <receivedTime>2026-02-19T22:02:11.459427Z</receivedTime>
  <startTime>2026-02-19T22:02:13.934556Z</startTime>
  <endTime>2026-02-19T22:02:36.4480104Z</endTime>
  <complete>True</complete>
  <is_temp>False</is_temp>
  <is_readonly>True</is_readonly>
  <containerId>f7bdd22d43f9</containerId>
  <buildSummary />
</deployment>