<step title="BackgroundTrace" date="2026-02-19T19:54:58.169" instance="9e89c1" url="/api/zipdeploy" method="POST" >
  <step title="Cleanup Xml Logs" date="2026-02-19T19:54:58.171" /><!-- duration: 4ms -->
  <step title="Creating temporary deployment - FetchDeploymentManager" date="2026-02-19T19:54:58.231" /><!-- duration: 4ms -->
  <step title="Creating temporary deployment" date="2026-02-19T19:54:58.237" /><!-- duration: 116ms -->
  <step title="Performing fetch based deployment" date="2026-02-19T19:54:58.411" >
    <step title="Cleaning up temp folders from previous zip deployments and extracting pushed zip file /tmp/zipdeploy/73e9b83c-8131-4b68-9083-8aa35774a6cf.zip (55.29 MB) to /tmp/zipdeploy/extracted" date="2026-02-19T19:54:59.629" >
      <step title="ChmodRecursive Process exited with total time taken in ms: 398" date="2026-02-19T19:55:28.888" /><!-- duration: 5ms -->
    </step><!-- duration: 29270ms -->
    <step title="Deployment timer started" date="2026-02-19T19:55:30.908" >
      <step title="DeploymentManager.Deploy(id:a7554bd2-acba-4470-8662-9e7a2a905272)" date="2026-02-19T19:55:30.913" >
        <step title="Collecting changeset information" date="2026-02-19T19:55:30.924" /><!-- duration: 171ms -->
        <step title="Updating submodules" date="2026-02-19T19:55:31.100" /><!-- duration: 1225ms -->
        <step title="Determining deployment builder" date="2026-02-19T19:55:32.627" >
          <step title="Builder is BasicBuilder" date="2026-02-19T19:55:32.635" /><!-- duration: 2ms -->
        </step><!-- duration: 13ms -->
        <step title="PreDeployment: context.CleanOutputPath False" date="2026-02-19T19:55:32.700" >
          <step title="PreDeployment: context.OutputPath /home/site/wwwroot" date="2026-02-19T19:55:32.870" >
            <step title="Building" date="2026-02-19T19:55:33.184" >
              <step title="Executing external process" date="2026-02-19T19:55:33.827" type="process" path="starter.sh" arguments="/opt/Kudu/Scripts/parallel_rsync.sh /tmp/zipdeploy/extracted /home/site/wwwroot 8 /tmp/ False True  " >
                <step title="Cpu: rsync(906,0.170s)+rsync(893,0.360s)+rsync(882,0.800s)+bash(877,0.000s)+rsync(909,0.200s)+rsync(895,0.260s)+rsync(885,0.920s)+bash(878,0.000s)+rsync(908,0.180s)+rsync(901,0.410s)+rsync(883,0.820s)+bash(879,0.000s)+rsync(902,0.160s)+rsync(896,0.400s)+rsync(886,0.730s)+bash(880,0.000s)+rsync(904,0.150s)+rsync(892,0.270s)+rsync(888,0.760s)+bash(881,0.000s)+rsync(907,0.180s)+rsync(897,0.440s)+rsync(887,0.780s)+bash(884,0.000s)+rsync(903,0.190s)+rsync(894,0.330s)+rsync(890,0.810s)+bash(889,0.000s)+rsync(905,0.250s)+rsync(900,0.450s)+rsync(899,0.960s)+bash(891,0.000s)+xargs(876,0.000s)+parallel_rsync.sh(867,0.000s)=total(10.980s)" date="2026-02-19T19:56:34.936" /><!-- duration: 34ms -->
                <step title="starter.sh: no io activity for 61s, prev-cpu=-1.000s, current-cpu=10.980s" date="2026-02-19T19:56:35.012" /><!-- duration: 26ms -->
                <step title="Cpu: rsync(906,0.420s)+rsync(893,0.360s)+rsync(882,1.160s)+bash(877,0.000s)+rsync(909,0.430s)+rsync(895,0.260s)+rsync(885,0.920s)+bash(878,0.000s)+rsync(908,0.380s)+rsync(901,0.410s)+rsync(883,0.920s)+bash(879,0.000s)+rsync(902,0.390s)+rsync(896,0.400s)+rsync(886,0.750s)+bash(880,0.000s)+rsync(904,0.330s)+rsync(892,0.270s)+rsync(888,0.830s)+bash(881,0.000s)+rsync(907,0.410s)+rsync(897,0.440s)+rsync(887,0.830s)+bash(884,0.000s)+rsync(903,0.420s)+rsync(894,0.330s)+rsync(890,0.910s)+bash(889,0.000s)+rsync(905,0.440s)+rsync(900,0.450s)+rsync(899,1.020s)+bash(891,0.000s)+xargs(876,0.000s)+parallel_rsync.sh(867,0.000s)=total(13.480s)" date="2026-02-19T19:57:35.127" /><!-- duration: 28ms -->
                <step title="starter.sh: no io activity for 121s, prev-cpu=10.980s, current-cpu=13.480s" date="2026-02-19T19:57:35.180" /><!-- duration: 25ms -->
                <step title="Cpu: rsync(906,0.580s)+rsync(893,0.360s)+rsync(882,1.190s)+bash(877,0.000s)+rsync(909,0.580s)+rsync(895,0.260s)+rsync(885,0.950s)+bash(878,0.000s)+rsync(908,0.550s)+rsync(901,0.410s)+rsync(883,0.920s)+bash(879,0.000s)+rsync(902,0.550s)+rsync(896,0.400s)+rsync(886,0.780s)+bash(880,0.000s)+rsync(904,0.470s)+rsync(892,0.270s)+rsync(888,0.830s)+bash(881,0.000s)+rsync(907,0.590s)+rsync(897,0.440s)+rsync(887,0.870s)+bash(884,0.000s)+rsync(903,0.600s)+rsync(894,0.330s)+rsync(890,0.920s)+bash(889,0.000s)+rsync(905,0.600s)+rsync(900,0.450s)+rsync(899,1.040s)+bash(891,0.000s)+xargs(876,0.000s)+parallel_rsync.sh(867,0.000s)=total(14.940s)" date="2026-02-19T19:58:35.275" /><!-- duration: 28ms -->
                <step title="starter.sh: no io activity for 181s, prev-cpu=13.480s, current-cpu=14.940s" date="2026-02-19T19:58:35.306" /><!-- duration: 3ms -->
                <step title="Cpu: rsync(906,0.730s)+rsync(893,0.360s)+rsync(882,1.210s)+bash(877,0.000s)+rsync(909,0.730s)+rsync(895,0.260s)+rsync(885,0.980s)+bash(878,0.000s)+rsync(908,0.720s)+rsync(901,0.410s)+rsync(883,0.970s)+bash(879,0.000s)+rsync(902,0.710s)+rsync(896,0.400s)+rsync(886,0.840s)+bash(880,0.000s)+rsync(904,0.620s)+rsync(892,0.270s)+rsync(888,0.830s)+bash(881,0.000s)+rsync(907,0.770s)+rsync(897,0.440s)+rsync(887,0.910s)+bash(884,0.000s)+rsync(903,0.780s)+rsync(894,0.330s)+rsync(890,0.930s)+bash(889,0.000s)+rsync(905,0.750s)+rsync(900,0.450s)+rsync(899,1.070s)+bash(891,0.000s)+xargs(876,0.000s)+parallel_rsync.sh(867,0.000s)=total(16.470s)" date="2026-02-19T19:59:35.368" /><!-- duration: 3ms -->
                <step title="starter.sh: no io activity for 241s, prev-cpu=14.940s, current-cpu=16.470s" date="2026-02-19T19:59:35.399" /><!-- duration: 47ms -->
                <step title="Cpu: rsync(906,0.890s)+rsync(893,0.360s)+rsync(882,1.210s)+bash(877,0.000s)+rsync(909,0.890s)+rsync(895,0.260s)+rsync(885,1.000s)+bash(878,0.000s)+rsync(908,0.910s)+rsync(901,0.410s)+rsync(883,0.990s)+bash(879,0.000s)+rsync(902,0.870s)+rsync(896,0.400s)+rsync(886,0.860s)+bash(880,0.000s)+rsync(904,0.760s)+rsync(892,0.270s)+rsync(888,0.840s)+bash(881,0.000s)+rsync(907,0.940s)+rsync(897,0.440s)+rsync(887,0.920s)+bash(884,0.000s)+rsync(903,0.970s)+rsync(894,0.330s)+rsync(890,0.960s)+bash(889,0.000s)+rsync(905,0.940s)+rsync(900,0.450s)+rsync(899,1.100s)+bash(891,0.000s)+xargs(876,0.000s)+parallel_rsync.sh(867,0.000s)=total(17.970s)" date="2026-02-19T20:00:35.507" /><!-- duration: 46ms -->
                <step title="starter.sh: no io activity for 301s, prev-cpu=16.470s, current-cpu=17.970s" date="2026-02-19T20:00:35.556" /><!-- duration: 2ms -->
                <step title="Cpu: rsync(906,1.040s)+rsync(893,0.360s)+rsync(882,1.250s)+bash(877,0.000s)+rsync(909,1.050s)+rsync(895,0.260s)+rsync(885,1.030s)+bash(878,0.000s)+rsync(908,1.050s)+rsync(901,0.410s)+rsync(883,1.000s)+bash(879,0.000s)+rsync(902,1.010s)+rsync(896,0.400s)+rsync(886,0.870s)+bash(880,0.000s)+rsync(904,0.910s)+rsync(892,0.270s)+rsync(888,0.840s)+bash(881,0.000s)+rsync(907,1.100s)+rsync(897,0.440s)+rsync(887,0.970s)+bash(884,0.000s)+rsync(903,1.120s)+rsync(894,0.330s)+rsync(890,0.980s)+bash(889,0.000s)+rsync(905,1.090s)+rsync(900,0.450s)+rsync(899,1.100s)+bash(891,0.000s)+xargs(876,0.000s)+parallel_rsync.sh(867,0.000s)=total(19.330s)" date="2026-02-19T20:01:35.583" /><!-- duration: 11ms -->
                <step title="starter.sh: no io activity for 361s, prev-cpu=17.970s, current-cpu=19.330s" date="2026-02-19T20:01:35.599" /><!-- duration: 2ms -->
                <step title="Cpu: rsync(906,1.290s)+rsync(893,0.360s)+rsync(882,1.260s)+bash(877,0.000s)+rsync(909,1.280s)+rsync(895,0.260s)+rsync(885,1.030s)+bash(878,0.000s)+rsync(908,1.300s)+rsync(901,0.410s)+rsync(883,1.060s)+bash(879,0.000s)+rsync(902,1.220s)+rsync(896,0.400s)+rsync(886,0.930s)+bash(880,0.000s)+rsync(904,1.110s)+rsync(892,0.270s)+rsync(888,0.840s)+bash(881,0.000s)+rsync(907,1.320s)+rsync(897,0.440s)+rsync(887,1.030s)+bash(884,0.000s)+rsync(903,1.360s)+rsync(894,0.330s)+rsync(890,1.030s)+bash(889,0.000s)+rsync(905,1.380s)+rsync(900,0.450s)+rsync(899,1.390s)+bash(891,0.000s)+xargs(876,0.000s)+parallel_rsync.sh(867,0.000s)=total(21.750s)" date="2026-02-19T20:02:35.650" /><!-- duration: 18ms -->
                <step title="starter.sh: no io activity for 421s, prev-cpu=19.330s, current-cpu=21.750s" date="2026-02-19T20:02:35.733" /><!-- duration: 54ms -->
                <step title="Cpu: rsync(906,1.440s)+rsync(893,0.360s)+rsync(882,1.270s)+bash(877,0.000s)+rsync(909,1.430s)+rsync(895,0.260s)+rsync(885,1.040s)+bash(878,0.000s)+rsync(908,1.480s)+rsync(901,0.410s)+rsync(883,1.150s)+bash(879,0.000s)+rsync(902,1.350s)+rsync(896,0.400s)+rsync(886,0.930s)+bash(880,0.000s)+rsync(904,1.250s)+rsync(892,0.270s)+rsync(888,0.870s)+bash(881,0.000s)+rsync(907,1.460s)+rsync(897,0.440s)+rsync(887,1.040s)+bash(884,0.000s)+rsync(903,1.530s)+rsync(894,0.330s)+rsync(890,1.070s)+bash(889,0.000s)+rsync(905,1.560s)+rsync(900,0.450s)+rsync(899,1.410s)+bash(891,0.000s)+xargs(876,0.000s)+parallel_rsync.sh(867,0.000s)=total(23.200s)" date="2026-02-19T20:03:35.864" /><!-- duration: 942ms -->
                <step title="starter.sh: no io activity for 482s, prev-cpu=21.750s, current-cpu=23.200s" date="2026-02-19T20:03:36.812" /><!-- duration: 66ms -->
                <step title="Cpu: rsync(906,1.620s)+rsync(893,0.360s)+rsync(882,1.270s)+bash(877,0.000s)+rsync(909,1.590s)+rsync(895,0.260s)+rsync(885,1.060s)+bash(878,0.000s)+rsync(908,1.620s)+rsync(901,0.410s)+rsync(883,1.150s)+bash(879,0.000s)+rsync(902,1.500s)+rsync(896,0.400s)+rsync(886,0.930s)+bash(880,0.000s)+rsync(904,1.410s)+rsync(892,0.270s)+rsync(888,0.870s)+bash(881,0.000s)+rsync(907,1.610s)+rsync(897,0.440s)+rsync(887,1.050s)+bash(884,0.000s)+rsync(903,1.700s)+rsync(894,0.330s)+rsync(890,1.090s)+bash(889,0.000s)+rsync(905,1.720s)+rsync(900,0.450s)+rsync(899,1.410s)+bash(891,0.000s)+xargs(876,0.000s)+parallel_rsync.sh(867,0.000s)=total(24.520s)" date="2026-02-19T20:04:36.944" /><!-- duration: 8ms -->
                <step title="starter.sh: no io activity for 543s, prev-cpu=23.200s, current-cpu=24.520s" date="2026-02-19T20:04:36.981" /><!-- duration: 3ms -->
                <step title="Cpu: rsync(906,1.770s)+rsync(893,0.360s)+rsync(882,1.340s)+bash(877,0.000s)+rsync(909,1.730s)+rsync(895,0.260s)+rsync(885,1.060s)+bash(878,0.000s)+rsync(908,1.750s)+rsync(901,0.410s)+rsync(883,1.150s)+bash(879,0.000s)+rsync(902,1.670s)+rsync(896,0.400s)+rsync(886,0.990s)+bash(880,0.000s)+rsync(904,1.540s)+rsync(892,0.270s)+rsync(888,0.880s)+bash(881,0.000s)+rsync(907,1.730s)+rsync(897,0.440s)+rsync(887,1.080s)+bash(884,0.000s)+rsync(903,1.850s)+rsync(894,0.330s)+rsync(890,1.130s)+bash(889,0.000s)+rsync(905,1.870s)+rsync(900,0.450s)+rsync(899,1.450s)+bash(891,0.000s)+xargs(876,0.000s)+parallel_rsync.sh(867,0.000s)=total(25.910s)" date="2026-02-19T20:05:37.010" /><!-- duration: 26ms -->
                <step title="starter.sh: no io activity for 603s, prev-cpu=24.520s, current-cpu=25.910s" date="2026-02-19T20:05:37.264" /><!-- duration: 23ms -->
