<step title="Incoming Request" date="2026-02-19T20:45:18.319" instance="0616be" url="/api/zipdeploy?isAsync=true" method="POST" type="request" pid="837,1,7" Accept="*/*" Host="lifeos-api-monsan-chbwhhg9dughb0g7.scm.francecentral-01.azurewebsites.net" User-Agent="AZURECLI/2.83.0 (HOMEBREW)" Accept-Encoding="gzip, deflate" Authorization="Bea..." Cache-Control="no-cache" Content-Type="application/octet-stream" Content-Length="57979707" x-ms-client-request-id="d741edde-0dd3-11f1-ad97-5279b83a7547" x-ms-artifact-checksum="a5074d9ed0e1337fc02bd99b4774eaf7b4ee7f32c110a34ab402682fcb5be553" X-ARR-LOG-ID="d741edde-0dd3-11f1-ad97-5279b83a7547" CLIENT-IP="46.193.67.70:61515" X-SITE-DEPLOYMENT-ID="lifeos-api-monsan" WAS-DEFAULT-HOSTNAME="lifeos-api-monsan-chbwhhg9dughb0g7.scm.francecentral-01.azurewebsites.net" X-Forwarded-Proto="https" X-AppService-Proto="https" X-Forwarded-TlsVersion="1.3" X-WAWS-Unencoded-URL="/api/zipdeploy?isAsync=true" X-Client-IP="46.193.67.70" X-Client-Port="61515" >
  <step title="Cleanup Xml Logs" date="2026-02-19T20:45:18.359" /><!-- duration: 93ms -->
  <step title="ZipPushDeploy" date="2026-02-19T20:45:23.919" >
    <step title="ZipDeploy. Extract zip." date="2026-02-19T20:45:24.025" /><!-- duration: 22ms -->
    <step title="None repository commit" date="2026-02-19T20:45:24.131" >
      <step title="Commit id: 3235e238-e5c2-4baf-938d-e2f7464d7fc8" date="2026-02-19T20:45:24.180" Message="N/A" AuthorName="N/A" AuthorEmail="N/A" /><!-- duration: 36ms -->
    </step><!-- duration: 153ms -->
    <step title="Starting PushDeployAsync" date="2026-02-19T20:45:24.313" /><!-- duration: 37ms -->
    <step title="Writing artifact to /tmp/zipdeploy/01ea7ebd-4c2a-4481-a789-0ad4d6a7541f.zip" date="2026-02-19T20:45:24.468" >
      <step title="Writing multipart request body to /tmp/zipdeploy/01ea7ebd-4c2a-4481-a789-0ad4d6a7541f.zip" date="2026-02-19T20:45:24.509" /><!-- duration: 29ms -->
    </step><!-- duration: 13332ms -->
    <step title="Start deployment in the background" date="2026-02-19T20:45:37.921" >
      <step title="Acquiring Deployment Lock" date="2026-02-19T20:45:38.105" /><!-- duration: 22ms -->
      <step title="Acquired Deployment Lock" date="2026-02-19T20:45:38.540" /><!-- duration: 21ms -->
    </step><!-- duration: 1081ms -->
  </step><!-- duration: 15137ms -->
  <step title="Outgoing response" date="2026-02-19T20:45:39.078" type="response" statusCode="202" statusText="Accepted" /><!-- duration: 49ms -->
</step><!-- duration: 20834ms -->
