<step title="Incoming Request" date="2026-02-19T22:29:59.744" instance="0616be" url="/api/zipdeploy?isAsync=true" method="POST" type="request" pid="837,1,21" Accept="*/*" Host="lifeos-api-monsan-chbwhhg9dughb0g7.scm.francecentral-01.azurewebsites.net" User-Agent="AZURECLI/2.83.0 (HOMEBREW)" Accept-Encoding="gzip, deflate" Authorization="Bea..." Cache-Control="no-cache" Content-Type="application/octet-stream" Content-Length="80878" x-ms-client-request-id="853d38fe-0de2-11f1-bc38-5279b83a7547" x-ms-artifact-checksum="6c5aff3845f533d5209f08d2d076d87dab439e62f174afacf2a063670485398f" X-ARR-LOG-ID="853d38fe-0de2-11f1-bc38-5279b83a7547" CLIENT-IP="46.193.67.70:62898" X-SITE-DEPLOYMENT-ID="lifeos-api-monsan" WAS-DEFAULT-HOSTNAME="lifeos-api-monsan-chbwhhg9dughb0g7.scm.francecentral-01.azurewebsites.net" X-Forwarded-Proto="https" X-AppService-Proto="https" X-Forwarded-TlsVersion="1.3" X-WAWS-Unencoded-URL="/api/zipdeploy?isAsync=true" X-Client-IP="46.193.67.70" X-Client-Port="62898" >
  <step title="Cleanup Xml Logs" date="2026-02-19T22:29:59.793" /><!-- duration: 140ms -->
  <step title="ZipPushDeploy" date="2026-02-19T22:30:00.134" >
    <step title="ZipDeploy. Extract zip." date="2026-02-19T22:30:00.300" /><!-- duration: 103ms -->
    <step title="Starting PushDeployAsync" date="2026-02-19T22:30:00.492" /><!-- duration: 55ms -->
    <step title="Writing artifact to /tmp/zipdeploy/42346fa3-c3ad-4d07-99bc-bbe43011cc1a.zip" date="2026-02-19T22:30:00.777" >
      <step title="Writing multipart request body to /tmp/zipdeploy/42346fa3-c3ad-4d07-99bc-bbe43011cc1a.zip" date="2026-02-19T22:30:00.824" /><!-- duration: 39ms -->
    </step><!-- duration: 281ms -->
    <step title="Start deployment in the background" date="2026-02-19T22:30:01.503" >
      <step title="Acquiring Deployment Lock" date="2026-02-19T22:30:02.271" /><!-- duration: 437ms -->
      <step title="Acquired Deployment Lock" date="2026-02-19T22:30:03.375" /><!-- duration: 839ms -->
    </step><!-- duration: 4403ms -->
  </step><!-- duration: 6024ms -->
  <step title="Outgoing response" date="2026-02-19T22:30:06.272" type="response" statusCode="202" statusText="Accepted" /><!-- duration: 58ms -->
</step><!-- duration: 6677ms -->
